{"cameraMode":{"drawMode":0,"name":"Shaded","section":"Shading Mode"},"sceneLighting":true,"audioPlay":false,"sceneViewState":{"showFog":false,"showMaterialUpdate":false,"showSkybox":false,"showFlares":false,"showImageEffects":false,"showParticleSystems":true},"in2DMode":false,"pivot":{"x":-5.7562761306762699,"y":3.0993216037750246,"z":-1.215734839439392},"rotation":{"x":0.07068976014852524,"y":-0.3414618968963623,"z":0.025764569640159608,"w":0.9368793368339539},"size":93.20233154296875,"orthographic":false}